﻿<?xml version="1.0" encoding="UTF-8" standalone="no"?>
<AppCfg Default="false" xmlns="">
  <AppInfo>
    <Name>blender</Name>
    <ExecutableName>blender.exe</ExecutableName>
    <Transport>KMJ</Transport>
    <Grab>None</Grab>
  </AppInfo>
  <Settings />
  <ButtonActions>
    <ButtonAction Type="Driver">
      <ID>Driver_ShowDriverGUI</ID>
      <Name>STR_DRIVER_SHOWDRIVERGUI</Name>
    </ButtonAction>
    <ButtonAction Type="Driver">
      <ID>Driver_ShowDriverPopupMenu</ID>
      <Name>STR_DRIVER_SHOWDRIVERPOPUPMENU</Name>
    </ButtonAction>
    <ButtonAction Type="Driver">
      <ID>Driver_ToggleTranslations</ID>
      <Name>STR_DRIVER_TOGGLETRANSLATIONS</Name>
    </ButtonAction>
    <ButtonAction Type="Driver">
      <ID>Driver_ToggleRotations</ID>
      <Name>STR_DRIVER_TOGGLEROTATIONS</Name>
    </ButtonAction>
    <ButtonAction Type="Driver">
      <ID>Driver_ToggleDominantFilter</ID>
      <Name>STR_DRIVER_TOGGLEDOMINANTFILTER</Name>
    </ButtonAction>
    <ButtonAction Type="Driver">
      <ID>Driver_TogglePanOnly</ID>
      <Name>STR_DRIVER_TOGGLEPANONLY</Name>
    </ButtonAction>
    <ButtonAction Type="Driver">
      <ID>Driver_ToggleZoomOnly</ID>
      <Name>STR_DRIVER_TOGGLEZOOMONLY</Name>
    </ButtonAction>
    <ButtonAction Type="Driver">
      <ID>Driver_DecreaseAppScale</ID>
      <Name>STR_DRIVER_DECREASEAPPSCALE</Name>
    </ButtonAction>
    <ButtonAction Type="Driver">
      <ID>Driver_IncreaseAppScale</ID>
      <Name>STR_DRIVER_INCREASEAPPSCALE</Name>
    </ButtonAction>
    <ButtonAction Type="Driver">
      <ID>Driver_ResetAppScale</ID>
      <Name>STR_DRIVER_RESETAPPSCALE</Name>
    </ButtonAction>
    <ButtonAction Type="Driver">
      <ID>Driver_RezeroDevice</ID>
      <Name>STR_DRIVER_REZERODEVICE</Name>
    </ButtonAction>
    <ButtonAction Type="Driver_Other">
      <ID>Driver_Start_Search</ID>
      <Name>STR_DRIVER_START_SEARCH</Name>
    </ButtonAction>
    <ButtonAction Type="Driver_Other">
      <ID>Driver_Start_Mail</ID>
      <Name>STR_DRIVER_START_MAIL</Name>
    </ButtonAction>
    <ButtonAction Type="Driver_Other">
      <ID>Driver_Start_Browser</ID>
      <Name>STR_DRIVER_START_BROWSER</Name>
    </ButtonAction>
    <ButtonAction Type="Driver_Other">
      <ID>Driver_Start_Skype</ID>
      <Name>STR_DRIVER_START_SKYPE</Name>
    </ButtonAction>
    <ButtonAction Type="Driver_Other">
      <ID>Driver_Start_MediaPlayer</ID>
      <Name>STR_DRIVER_START_MEDIAPLAYER</Name>
    </ButtonAction>
    <ButtonAction Type="Driver_Other">
      <ID>Driver_MediaPlayer_Mute</ID>
      <Name>STR_DRIVER_MEDIAPLAYER_MUTE</Name>
    </ButtonAction>
    <ButtonAction Type="Driver_Other">
      <ID>Driver_MediaPlayer_DecreaseVolume</ID>
      <Name>STR_DRIVER_MEDIAPLAYER_DECREASEVOLUME</Name>
    </ButtonAction>
    <ButtonAction Type="Driver_Other">
      <ID>Driver_MediaPlayer_IncreaseVolume</ID>
      <Name>STR_DRIVER_MEDIAPLAYER_INCREASEVOLUME</Name>
    </ButtonAction>
    <ButtonAction Type="Driver_Other">
      <ID>Driver_MediaPlayer_PreviousTrack</ID>
      <Name>STR_DRIVER_MEDIAPLAYER_PREVIOUSTRACK</Name>
    </ButtonAction>
    <ButtonAction Type="Driver_Other">
      <ID>Driver_MediaPlayer_Play</ID>
      <Name>STR_DRIVER_MEDIAPLAYER_PLAY</Name>
    </ButtonAction>
    <ButtonAction Type="Driver_Other">
      <ID>Driver_MediaPlayer_Pause</ID>
      <Name>STR_DRIVER_MEDIAPLAYER_PAUSE</Name>
    </ButtonAction>
    <ButtonAction Type="Driver_Other">
      <ID>Driver_MediaPlayer_NextTrack</ID>
      <Name>STR_DRIVER_MEDIAPLAYER_NEXTTRACK</Name>
    </ButtonAction>
    <ButtonAction Type="Driver_Other">
      <ID>Driver_Browser_PreviousPage</ID>
      <Name>STR_DRIVER_BROWSER_PREVIOUSPAGE</Name>
    </ButtonAction>
    <ButtonAction Type="Driver_Other">
      <ID>Driver_Browser_NextPage</ID>
      <Name>STR_DRIVER_BROWSER_NEXTPAGE</Name>
    </ButtonAction>
    <ButtonAction Type="Keyboard">
      <ID>KB_Esc</ID>
      <Name>STR_KB_ESC</Name>
    </ButtonAction>
    <ButtonAction Type="Keyboard">
      <ID>KB_Alt</ID>
      <Name>STR_KB_ALT</Name>
    </ButtonAction>
    <ButtonAction Type="Keyboard">
      <ID>KB_Shift</ID>
      <Name>STR_KB_SHIFT</Name>
    </ButtonAction>
    <ButtonAction Type="Keyboard">
      <ID>KB_Ctrl</ID>
      <Name>STR_KB_CTRL</Name>
    </ButtonAction>
    <ButtonAction Type="Keyboard">
      <ID>KB_End</ID>
      <Name>STR_KB_END</Name>
    </ButtonAction>
    <ButtonAction Type="Keyboard">
      <ID>KB_Home</ID>
      <Name>STR_KB_HOME</Name>
    </ButtonAction>
    <ButtonAction Type="Keyboard">
      <ID>KB_UpArrow</ID>
      <Name>STR_KB_UPARROW</Name>
    </ButtonAction>
    <ButtonAction Type="Keyboard">
      <ID>KB_DownArrow</ID>
      <Name>STR_KB_DOWNARROW</Name>
    </ButtonAction>
    <ButtonAction Type="Keyboard">
      <ID>KB_LeftArrow</ID>
      <Name>STR_KB_LEFTARROW</Name>
    </ButtonAction>
    <ButtonAction Type="Keyboard">
      <ID>KB_RightArrow</ID>
      <Name>STR_KB_RIGHTARROW</Name>
    </ButtonAction>
    <ButtonAction Type="Keyboard">
      <ID>KB_PageUp</ID>
      <Name>STR_KB_PAGEUP</Name>
    </ButtonAction>
    <ButtonAction Type="Keyboard">
      <ID>KB_PageDown</ID>
      <Name>STR_KB_PAGEDOWN</Name>
    </ButtonAction>
    <ButtonAction Type="Keyboard">
      <ID>KB_F1</ID>
      <Name>STR_KB_F1</Name>
    </ButtonAction>
    <ButtonAction Type="Keyboard">
      <ID>KB_F2</ID>
      <Name>STR_KB_F2</Name>
    </ButtonAction>
    <ButtonAction Type="Keyboard">
      <ID>KB_F3</ID>
      <Name>STR_KB_F3</Name>
    </ButtonAction>
    <ButtonAction Type="Keyboard">
      <ID>KB_F4</ID>
      <Name>STR_KB_F4</Name>
    </ButtonAction>
    <ButtonAction Type="Keyboard">
      <ID>KB_F5</ID>
      <Name>STR_KB_F5</Name>
    </ButtonAction>
    <ButtonAction Type="Keyboard">
      <ID>KB_F6</ID>
      <Name>STR_KB_F6</Name>
    </ButtonAction>
    <ButtonAction Type="Keyboard">
      <ID>KB_F7</ID>
      <Name>STR_KB_F7</Name>
    </ButtonAction>
    <ButtonAction Type="Keyboard">
      <ID>KB_F8</ID>
      <Name>STR_KB_F8</Name>
    </ButtonAction>
    <ButtonAction Type="Keyboard">
      <ID>KB_F9</ID>
      <Name>STR_KB_F9</Name>
    </ButtonAction>
    <ButtonAction Type="Keyboard">
      <ID>KB_F10</ID>
      <Name>STR_KB_F10</Name>
    </ButtonAction>
    <ButtonAction Type="Keyboard">
      <ID>KB_F11</ID>
      <Name>STR_KB_F11</Name>
    </ButtonAction>
    <ButtonAction Type="Keyboard">
      <ID>KB_F12</ID>
      <Name>STR_KB_F12</Name>
    </ButtonAction>
    <ButtonAction Type="Macro">
      <ID>Macro_IE_Open</ID>
      <Name>STR_IE_OPEN</Name>
    </ButtonAction>
    <ButtonAction Type="Macro">
      <ID>Macro_IE_NewTab</ID>
      <Name>STR_IE_NEWTAB</Name>
    </ButtonAction>
    <ButtonAction Type="Macro">
      <ID>Macro_IE_FindOnPage</ID>
      <Name>STR_IE_FINDONPAGE</Name>
    </ButtonAction>
    <ButtonAction Type="Macro">
      <ID>Macro_IE_DuplicateTab</ID>
      <Name>STR_IE_DUPLICATETAB</Name>
    </ButtonAction>
    <ButtonAction Type="Macro">
      <ID>Macro_IE_NewWindow</ID>
      <Name>STR_IE_NEWWINDOW</Name>
    </ButtonAction>
    <ButtonAction Type="Macro">
      <ID>Macro_IE_CloseTab</ID>
      <Name>STR_IE_CLOSETAB</Name>
    </ButtonAction>
    <ButtonAction Type="Mouse">
      <ID>HIDMouse_Left</ID>
      <Name>STR_MOUSE_LEFT</Name>
    </ButtonAction>
    <ButtonAction Type="Mouse">
      <ID>HIDMouse_Middle</ID>
      <Name>STR_MOUSE_MIDDLE</Name>
    </ButtonAction>
    <ButtonAction Type="Mouse">
      <ID>HIDMouse_Right</ID>
      <Name>STR_MOUSE_RIGHT</Name>
    </ButtonAction>
  </ButtonActions>
  <MacroTable />
  <Devices>
    <Device>
      <Name>SpaceNavigator</Name>
      <VendorID>46d</VendorID>
      <ProductID>c626</ProductID>
      <AxisFilter>Dominant</AxisFilter>
      <Axis>
        <Enabled>True</Enabled>
        <Input>
          <ActionID>HIDMultiAxis_Rx</ActionID>
          <Min>-512</Min>
          <Max>511</Max>
          <Deadband>0</Deadband>
        </Input>
        <Output>
          <ActionID>HIDMultiAxis_Rx</ActionID>
          <Min>-512.00</Min>
          <Max>511.00</Max>
          <Scale>1.00</Scale>
          <Reversed>False</Reversed>
        </Output>
      </Axis>
      <Axis>
        <Enabled>False</Enabled>
        <Input>
          <ActionID>HIDMultiAxis_Ry</ActionID>
          <Min>-512</Min>
          <Max>511</Max>
          <Deadband>0</Deadband>
        </Input>
        <Output>
          <ActionID>HIDMultiAxis_Ry</ActionID>
          <Min>-512.00</Min>
          <Max>511.00</Max>
          <Scale>1.00</Scale>
          <Reversed>False</Reversed>
        </Output>
      </Axis>
      <Axis>
        <Enabled>True</Enabled>
        <Input>
          <ActionID>HIDMultiAxis_Rz</ActionID>
          <Min>-512</Min>
          <Max>511</Max>
          <Deadband>0</Deadband>
        </Input>
        <Output>
          <ActionID>HIDMultiAxis_Rz</ActionID>
          <Min>-512.00</Min>
          <Max>511.00</Max>
          <Scale>1.00</Scale>
          <Reversed>False</Reversed>
        </Output>
      </Axis>
      <Axis>
        <Enabled>True</Enabled>
        <Input>
          <ActionID>HIDMultiAxis_X</ActionID>
          <Min>-512</Min>
          <Max>511</Max>
        </Input>
        <Output>
          <ActionID>HIDMouse_X</ActionID>
          <Reversed>True</Reversed>
          <Modifiers>
            <Modifier>Shift</Modifier>
            <Modifier>MiddleMouse</Modifier>
          </Modifiers>
        </Output>
      </Axis>
      <Axis>
        <Enabled>True</Enabled>
        <Input>
          <ActionID>HIDMultiAxis_Y</ActionID>
          <Min>-512</Min>
          <Max>511</Max>
        </Input>
        <Output>
          <ActionID>HIDMultiAxis_Y</ActionID>
          <Modifiers>
            <Modifier>Shift</Modifier>
            <Modifier>MiddleMouse</Modifier>
          </Modifiers>
        </Output>
      </Axis>
      <Axis>
        <Enabled>True</Enabled>
        <Input>
          <ActionID>HIDMultiAxis_Z</ActionID>
          <Min>-512</Min>
          <Max>511</Max>
        </Input>
        <Output>
          <ActionID>HIDMouse_Y</ActionID>
          <Reversed>True</Reversed>
          <Modifiers>
            <Modifier>Shift</Modifier>
            <Modifier>MiddleMouse</Modifier>
          </Modifiers>
        </Output>
      </Axis>
      <ButtonBank>
        <Name>Unknown</Name>
        <Button ReadOnly="True">
          <Input>
            <ActionID>HIDButton_1</ActionID>
          </Input>
          <Output>
            <ActionID>Driver_ShowDriverPopupMenu</ActionID>
          </Output>
        </Button>
        <Button>
          <Input>
            <ActionID>HIDButton_2</ActionID>
          </Input>
          <Output>
            <ActionID>KB_Home</ActionID>
          </Output>
        </Button>
      </ButtonBank>
    </Device>
    <Device>
      <Name>SpaceNavigator for Notebooks</Name>
      <VendorID>46d</VendorID>
      <ProductID>c628</ProductID>
      <AxisFilter>Dominant</AxisFilter>
      <Axis>
        <Enabled>True</Enabled>
        <Input>
          <ActionID>HIDMultiAxis_X</ActionID>
          <Min>0</Min>
          <Max>511</Max>
          <Deadband>100</Deadband>
        </Input>
        <Output>
          <ActionID>KB_Keystroke</ActionID>
          <RepeatStyle>PressAndHold</RepeatStyle>
          <Keystroke>
            <Key>4F</Key>
          </Keystroke>
        </Output>
      </Axis>
      <Axis>
        <Enabled>True</Enabled>
        <Input>
          <ActionID>HIDMultiAxis_X</ActionID>
          <Min>-512</Min>
          <Max>0</Max>
          <Deadband>100</Deadband>
        </Input>
        <Output>
          <ActionID>KB_Keystroke</ActionID>
          <RepeatStyle>PressAndHold</RepeatStyle>
          <Keystroke>
            <Key>50</Key>
          </Keystroke>
        </Output>
      </Axis>
      <Axis>
        <Enabled>True</Enabled>
        <Input>
          <ActionID>HIDMultiAxis_Y</ActionID>
          <Min>0</Min>
          <Max>511</Max>
          <Deadband>100</Deadband>
        </Input>
        <Output>
          <ActionID>KB_Keystroke</ActionID>
          <RepeatStyle>PressAndHold</RepeatStyle>
          <Keystroke>
            <Key>51</Key>
          </Keystroke>
        </Output>
      </Axis>
      <Axis>
        <Enabled>True</Enabled>
        <Input>
          <ActionID>HIDMultiAxis_Y</ActionID>
          <Min>-512</Min>
          <Max>0</Max>
          <Deadband>100</Deadband>
        </Input>
        <Output>
          <ActionID>KB_Keystroke</ActionID>
          <RepeatStyle>PressAndHold</RepeatStyle>
          <Keystroke>
            <Key>52</Key>
          </Keystroke>
        </Output>
      </Axis>
      <Axis>
        <Enabled>True</Enabled>
        <Input>
          <ActionID>HIDMultiAxis_Z</ActionID>
          <Min>0</Min>
          <Max>511</Max>
          <Deadband>200</Deadband>
        </Input>
        <Output>
          <ActionID>KB_Keystroke</ActionID>
          <RepeatStyle>PressAndHold</RepeatStyle>
          <Keystroke>
            <Key>4E</Key>
          </Keystroke>
        </Output>
      </Axis>
      <Axis>
        <Enabled>True</Enabled>
        <Input>
          <ActionID>HIDMultiAxis_Z</ActionID>
          <Min>-512</Min>
          <Max>0</Max>
          <Deadband>200</Deadband>
        </Input>
        <Output>
          <ActionID>KB_Keystroke</ActionID>
          <RepeatStyle>PressAndHold</RepeatStyle>
          <Keystroke>
            <Key>4B</Key>
          </Keystroke>
        </Output>
      </Axis>
      <Axis>
        <Enabled>False</Enabled>
        <Input>
          <ActionID>HIDMultiAxis_Rx</ActionID>
          <Min>-512</Min>
          <Max>511</Max>
          <Deadband>0</Deadband>
        </Input>
        <Output>
          <ActionID>HIDMultiAxis_Rx</ActionID>
          <Min>-512.00</Min>
          <Max>511.00</Max>
          <Scale>1.00</Scale>
          <Reversed>False</Reversed>
        </Output>
      </Axis>
      <Axis>
        <Enabled>False</Enabled>
        <Input>
          <ActionID>HIDMultiAxis_Ry</ActionID>
          <Min>-512</Min>
          <Max>511</Max>
          <Deadband>0</Deadband>
        </Input>
        <Output>
          <ActionID>HIDMultiAxis_Ry</ActionID>
          <Min>-512.00</Min>
          <Max>511.00</Max>
          <Scale>1.00</Scale>
          <Reversed>False</Reversed>
        </Output>
      </Axis>
      <Axis>
        <Enabled>False</Enabled>
        <Input>
          <ActionID>HIDMultiAxis_Rz</ActionID>
          <Min>-512</Min>
          <Max>511</Max>
          <Deadband>0</Deadband>
        </Input>
        <Output>
          <ActionID>HIDMultiAxis_Rz</ActionID>
          <Min>-512.00</Min>
          <Max>511.00</Max>
          <Scale>1.00</Scale>
          <Reversed>False</Reversed>
        </Output>
      </Axis>
      <ButtonBank>
        <Name>Unknown</Name>
        <Button ReadOnly="True">
          <Input>
            <ActionID>HIDButton_1</ActionID>
          </Input>
          <Output>
            <ActionID>Driver_ShowDriverPopupMenu</ActionID>
          </Output>
        </Button>
        <Button>
          <Input>
            <ActionID>HIDButton_2</ActionID>
          </Input>
          <Output>
            <ActionID>KB_Home</ActionID>
          </Output>
        </Button>
      </ButtonBank>
    </Device>
    <Device>
      <Name>SpaceExplorer</Name>
      <VendorID>46d</VendorID>
      <ProductID>c627</ProductID>
      <AxisFilter>Dominant</AxisFilter>
      <Axis>
        <Enabled>True</Enabled>
        <Input>
          <ActionID>HIDMultiAxis_X</ActionID>
          <Min>0</Min>
          <Max>511</Max>
          <Deadband>100</Deadband>
        </Input>
        <Output>
          <ActionID>KB_Keystroke</ActionID>
          <RepeatStyle>PressAndHold</RepeatStyle>
          <Keystroke>
            <Key>4F</Key>
          </Keystroke>
        </Output>
      </Axis>
      <Axis>
        <Enabled>True</Enabled>
        <Input>
          <ActionID>HIDMultiAxis_X</ActionID>
          <Min>-512</Min>
          <Max>0</Max>
          <Deadband>100</Deadband>
        </Input>
        <Output>
          <ActionID>KB_Keystroke</ActionID>
          <RepeatStyle>PressAndHold</RepeatStyle>
          <Keystroke>
            <Key>50</Key>
          </Keystroke>
        </Output>
      </Axis>
      <Axis>
        <Enabled>True</Enabled>
        <Input>
          <ActionID>HIDMultiAxis_Y</ActionID>
          <Min>0</Min>
          <Max>511</Max>
          <Deadband>100</Deadband>
        </Input>
        <Output>
          <ActionID>KB_Keystroke</ActionID>
          <RepeatStyle>PressAndHold</RepeatStyle>
          <Keystroke>
            <Key>51</Key>
          </Keystroke>
        </Output>
      </Axis>
      <Axis>
        <Enabled>True</Enabled>
        <Input>
          <ActionID>HIDMultiAxis_Y</ActionID>
          <Min>-512</Min>
          <Max>0</Max>
          <Deadband>100</Deadband>
        </Input>
        <Output>
          <ActionID>KB_Keystroke</ActionID>
          <RepeatStyle>PressAndHold</RepeatStyle>
          <Keystroke>
            <Key>52</Key>
          </Keystroke>
        </Output>
      </Axis>
      <Axis>
        <Enabled>True</Enabled>
        <Input>
          <ActionID>HIDMultiAxis_Z</ActionID>
          <Min>0</Min>
          <Max>511</Max>
          <Deadband>200</Deadband>
        </Input>
        <Output>
          <ActionID>KB_Keystroke</ActionID>
          <RepeatStyle>PressAndHold</RepeatStyle>
          <Keystroke>
            <Key>4E</Key>
          </Keystroke>
        </Output>
      </Axis>
      <Axis>
        <Enabled>True</Enabled>
        <Input>
          <ActionID>HIDMultiAxis_Z</ActionID>
          <Min>-512</Min>
          <Max>0</Max>
          <Deadband>200</Deadband>
        </Input>
        <Output>
          <ActionID>KB_Keystroke</ActionID>
          <RepeatStyle>PressAndHold</RepeatStyle>
          <Keystroke>
            <Key>4B</Key>
          </Keystroke>
        </Output>
      </Axis>
      <Axis>
        <Enabled>False</Enabled>
        <Input>
          <ActionID>HIDMultiAxis_Rx</ActionID>
          <Min>-512</Min>
          <Max>511</Max>
          <Deadband>0</Deadband>
        </Input>
        <Output>
          <ActionID>HIDMultiAxis_Rx</ActionID>
          <Min>-512.00</Min>
          <Max>511.00</Max>
          <Scale>1.00</Scale>
          <Reversed>False</Reversed>
        </Output>
      </Axis>
      <Axis>
        <Enabled>False</Enabled>
        <Input>
          <ActionID>HIDMultiAxis_Ry</ActionID>
          <Min>-512</Min>
          <Max>511</Max>
          <Deadband>0</Deadband>
        </Input>
        <Output>
          <ActionID>HIDMultiAxis_Ry</ActionID>
          <Min>-512.00</Min>
          <Max>511.00</Max>
          <Scale>1.00</Scale>
          <Reversed>False</Reversed>
        </Output>
      </Axis>
      <Axis>
        <Enabled>False</Enabled>
        <Input>
          <ActionID>HIDMultiAxis_Rz</ActionID>
          <Min>-512</Min>
          <Max>511</Max>
          <Deadband>0</Deadband>
        </Input>
        <Output>
          <ActionID>HIDMultiAxis_Rz</ActionID>
          <Min>-512.00</Min>
          <Max>511.00</Max>
          <Scale>1.00</Scale>
          <Reversed>False</Reversed>
        </Output>
      </Axis>
      <ButtonBank>
        <Name>Unknown</Name>
        <Button>
          <Input>
            <ActionID>HIDButton_1</ActionID>
          </Input>
          <Output>
            <ActionID>Macro_Copy</ActionID>
          </Output>
        </Button>
        <Button>
          <Input>
            <ActionID>HIDButton_2</ActionID>
          </Input>
          <Output>
            <ActionID>Macro_Paste</ActionID>
          </Output>
        </Button>
        <Button>
          <Input>
            <ActionID>HIDButton_3</ActionID>
          </Input>
          <Output>
            <ActionID>KB_UpArrow</ActionID>
          </Output>
        </Button>
        <Button>
          <Input>
            <ActionID>HIDButton_4</ActionID>
          </Input>
          <Output>
            <ActionID>KB_LeftArrow</ActionID>
          </Output>
        </Button>
        <Button>
          <Input>
            <ActionID>HIDButton_5</ActionID>
          </Input>
          <Output>
            <ActionID>KB_RightArrow</ActionID>
          </Output>
        </Button>
        <Button>
          <Input>
            <ActionID>HIDButton_6</ActionID>
          </Input>
          <Output>
            <ActionID>KB_DownArrow</ActionID>
          </Output>
        </Button>
        <Button>
          <Input>
            <ActionID>HIDButton_11</ActionID>
          </Input>
          <Output>
            <ActionID>KB_Home</ActionID>
          </Output>
        </Button>
        <Button ReadOnly="True">
          <Input>
            <ActionID>HIDButton_12</ActionID>
          </Input>
          <Output>
            <ActionID>Driver_ShowDriverPopupMenu</ActionID>
          </Output>
        </Button>
        <Button>
          <Input>
            <ActionID>HIDButton_15</ActionID>
          </Input>
          <Output>
            <ActionID>HIDMouse_Middle</ActionID>
          </Output>
        </Button>
      </ButtonBank>
    </Device>
    <Device>
      <Name>SpacePilot</Name>
      <VendorID>46d</VendorID>
      <ProductID>c625</ProductID>
      <AxisFilter>None</AxisFilter>
      <Axis>
        <Enabled>True</Enabled>
        <Input>
          <ActionID>HIDMultiAxis_X</ActionID>
          <Min>0</Min>
          <Max>511</Max>
          <Deadband>100</Deadband>
        </Input>
        <Output>
          <ActionID>KB_Keystroke</ActionID>
          <RepeatStyle>PressAndHold</RepeatStyle>
          <Keystroke>
            <Key>4F</Key>
          </Keystroke>
        </Output>
      </Axis>
      <Axis>
        <Enabled>True</Enabled>
        <Input>
          <ActionID>HIDMultiAxis_X</ActionID>
          <Min>-512</Min>
          <Max>0</Max>
          <Deadband>100</Deadband>
        </Input>
        <Output>
          <ActionID>KB_Keystroke</ActionID>
          <RepeatStyle>PressAndHold</RepeatStyle>
          <Keystroke>
            <Key>50</Key>
          </Keystroke>
        </Output>
      </Axis>
      <Axis>
        <Enabled>True</Enabled>
        <Input>
          <ActionID>HIDMultiAxis_Y</ActionID>
          <Min>0</Min>
          <Max>511</Max>
          <Deadband>100</Deadband>
        </Input>
        <Output>
          <ActionID>KB_Keystroke</ActionID>
          <RepeatStyle>PressAndHold</RepeatStyle>
          <Keystroke>
            <Key>51</Key>
          </Keystroke>
        </Output>
      </Axis>
      <Axis>
        <Enabled>True</Enabled>
        <Input>
          <ActionID>HIDMultiAxis_Y</ActionID>
          <Min>-512</Min>
          <Max>0</Max>
          <Deadband>100</Deadband>
        </Input>
        <Output>
          <ActionID>KB_Keystroke</ActionID>
          <RepeatStyle>PressAndHold</RepeatStyle>
          <Keystroke>
            <Key>52</Key>
          </Keystroke>
        </Output>
      </Axis>
      <Axis>
        <Enabled>True</Enabled>
        <Input>
          <ActionID>HIDMultiAxis_Z</ActionID>
          <Min>0</Min>
          <Max>511</Max>
          <Deadband>200</Deadband>
        </Input>
        <Output>
          <ActionID>KB_Keystroke</ActionID>
          <RepeatStyle>PressAndHold</RepeatStyle>
          <Keystroke>
            <Key>4E</Key>
          </Keystroke>
        </Output>
      </Axis>
      <Axis>
        <Enabled>True</Enabled>
        <Input>
          <ActionID>HIDMultiAxis_Z</ActionID>
          <Min>-512</Min>
          <Max>0</Max>
          <Deadband>200</Deadband>
        </Input>
        <Output>
          <ActionID>KB_Keystroke</ActionID>
          <RepeatStyle>PressAndHold</RepeatStyle>
          <Keystroke>
            <Key>4B</Key>
          </Keystroke>
        </Output>
      </Axis>
      <Axis>
        <Enabled>False</Enabled>
        <Input>
          <ActionID>HIDMultiAxis_Rx</ActionID>
          <Min>-512</Min>
          <Max>511</Max>
          <Deadband>0</Deadband>
        </Input>
        <Output>
          <ActionID>HIDMultiAxis_Rx</ActionID>
          <Min>-512.00</Min>
          <Max>511.00</Max>
          <Scale>1.00</Scale>
          <Reversed>False</Reversed>
        </Output>
      </Axis>
      <Axis>
        <Enabled>False</Enabled>
        <Input>
          <ActionID>HIDMultiAxis_Ry</ActionID>
          <Min>-512</Min>
          <Max>511</Max>
          <Deadband>0</Deadband>
        </Input>
        <Output>
          <ActionID>HIDMultiAxis_Ry</ActionID>
          <Min>-512.00</Min>
          <Max>511.00</Max>
          <Scale>1.00</Scale>
          <Reversed>False</Reversed>
        </Output>
      </Axis>
      <Axis>
        <Enabled>False</Enabled>
        <Input>
          <ActionID>HIDMultiAxis_Rz</ActionID>
          <Min>-512</Min>
          <Max>511</Max>
          <Deadband>0</Deadband>
        </Input>
        <Output>
          <ActionID>HIDMultiAxis_Rz</ActionID>
          <Min>-512.00</Min>
          <Max>511.00</Max>
          <Scale>1.00</Scale>
          <Reversed>False</Reversed>
        </Output>
      </Axis>
      <ButtonBank>
        <Name>Unknown</Name>
        <Button>
          <Input>
            <ActionID>HIDButton_1</ActionID>
          </Input>
          <Output>
            <ActionID>Macro_Copy</ActionID>
          </Output>
        </Button>
        <Button>
          <Input>
            <ActionID>HIDButton_2</ActionID>
          </Input>
          <Output>
            <ActionID>Macro_Paste</ActionID>
          </Output>
        </Button>
        <Button>
          <Input>
            <ActionID>HIDButton_3</ActionID>
          </Input>
          <Output>
            <ActionID>KB_F1</ActionID>
          </Output>
        </Button>
        <Button>
          <Input>
            <ActionID>HIDButton_4</ActionID>
          </Input>
          <Output>
            <ActionID>KB_F2</ActionID>
          </Output>
        </Button>
        <Button>
          <Input>
            <ActionID>HIDButton_5</ActionID>
          </Input>
          <Output>
            <ActionID>KB_F3</ActionID>
          </Output>
        </Button>
        <Button>
          <Input>
            <ActionID>HIDButton_6</ActionID>
          </Input>
          <Output>
            <ActionID>KB_F4</ActionID>
          </Output>
        </Button>
        <Button>
          <Input>
            <ActionID>HIDButton_7</ActionID>
          </Input>
          <Output>
            <ActionID>KB_UpArrow</ActionID>
          </Output>
        </Button>
        <Button>
          <Input>
            <ActionID>HIDButton_8</ActionID>
          </Input>
          <Output>
            <ActionID>KB_LeftArrow</ActionID>
          </Output>
        </Button>
        <Button>
          <Input>
            <ActionID>HIDButton_9</ActionID>
          </Input>
          <Output>
            <ActionID>KB_RightArrow</ActionID>
          </Output>
        </Button>
        <Button>
          <Input>
            <ActionID>HIDButton_10</ActionID>
          </Input>
          <Output>
            <ActionID>KB_DownArrow</ActionID>
          </Output>
        </Button>
        <Button>
          <Input>
            <ActionID>HIDButton_15</ActionID>
          </Input>
          <Output>
            <ActionID>KB_Home</ActionID>
          </Output>
        </Button>
        <Button ReadOnly="True">
          <Input>
            <ActionID>HIDButton_16</ActionID>
          </Input>
          <Output>
            <ActionID>Driver_ShowDriverPopupMenu</ActionID>
          </Output>
        </Button>
        <Button>
          <Input>
            <ActionID>HIDButton_20</ActionID>
          </Input>
          <Output>
            <ActionID>HIDMouse_Middle</ActionID>
          </Output>
        </Button>
        <Button>
          <Input>
            <ActionID>HIDButton_21</ActionID>
          </Input>
          <Output>
            <ActionID>Driver_ShowDriverGUI</ActionID>
          </Output>
        </Button>
      </ButtonBank>
    </Device>
    <Device>
      <Name>SpacePilot PRO</Name>
      <VendorID>46d</VendorID>
      <ProductID>c629</ProductID>
      <AxisFilter>Dominant</AxisFilter>
      <Axis>
        <Enabled>True</Enabled>
        <Input>
          <ActionID>HIDMultiAxis_X</ActionID>
          <Min>0</Min>
          <Max>511</Max>
          <Deadband>100</Deadband>
        </Input>
        <Output>
          <ActionID>KB_Keystroke</ActionID>
          <RepeatStyle>PressAndHold</RepeatStyle>
          <Keystroke>
            <Key>4F</Key>
          </Keystroke>
        </Output>
      </Axis>
      <Axis>
        <Enabled>True</Enabled>
        <Input>
          <ActionID>HIDMultiAxis_X</ActionID>
          <Min>-512</Min>
          <Max>0</Max>
          <Deadband>100</Deadband>
        </Input>
        <Output>
          <ActionID>KB_Keystroke</ActionID>
          <RepeatStyle>PressAndHold</RepeatStyle>
          <Keystroke>
            <Key>50</Key>
          </Keystroke>
        </Output>
      </Axis>
      <Axis>
        <Enabled>True</Enabled>
        <Input>
          <ActionID>HIDMultiAxis_Y</ActionID>
          <Min>0</Min>
          <Max>511</Max>
          <Deadband>100</Deadband>
        </Input>
        <Output>
          <ActionID>KB_Keystroke</ActionID>
          <RepeatStyle>PressAndHold</RepeatStyle>
          <Keystroke>
            <Key>51</Key>
          </Keystroke>
        </Output>
      </Axis>
      <Axis>
        <Enabled>True</Enabled>
        <Input>
          <ActionID>HIDMultiAxis_Y</ActionID>
          <Min>-512</Min>
          <Max>0</Max>
          <Deadband>100</Deadband>
        </Input>
        <Output>
          <ActionID>KB_Keystroke</ActionID>
          <RepeatStyle>PressAndHold</RepeatStyle>
          <Keystroke>
            <Key>52</Key>
          </Keystroke>
        </Output>
      </Axis>
      <Axis>
        <Enabled>True</Enabled>
        <Input>
          <ActionID>HIDMultiAxis_Z</ActionID>
          <Min>0</Min>
          <Max>511</Max>
          <Deadband>200</Deadband>
        </Input>
        <Output>
          <ActionID>KB_Keystroke</ActionID>
          <RepeatStyle>PressAndHold</RepeatStyle>
          <Keystroke>
            <Key>4E</Key>
          </Keystroke>
        </Output>
      </Axis>
      <Axis>
        <Enabled>True</Enabled>
        <Input>
          <ActionID>HIDMultiAxis_Z</ActionID>
          <Min>-512</Min>
          <Max>0</Max>
          <Deadband>200</Deadband>
        </Input>
        <Output>
          <ActionID>KB_Keystroke</ActionID>
          <RepeatStyle>PressAndHold</RepeatStyle>
          <Keystroke>
            <Key>4B</Key>
          </Keystroke>
        </Output>
      </Axis>
      <Axis>
        <Enabled>False</Enabled>
        <Input>
          <ActionID>HIDMultiAxis_Rx</ActionID>
          <Min>-512</Min>
          <Max>511</Max>
          <Deadband>0</Deadband>
        </Input>
        <Output>
          <ActionID>HIDMultiAxis_Rx</ActionID>
          <Min>-512.00</Min>
          <Max>511.00</Max>
          <Scale>1.00</Scale>
          <Reversed>False</Reversed>
        </Output>
      </Axis>
      <Axis>
        <Enabled>False</Enabled>
        <Input>
          <ActionID>HIDMultiAxis_Ry</ActionID>
          <Min>-512</Min>
          <Max>511</Max>
          <Deadband>0</Deadband>
        </Input>
        <Output>
          <ActionID>HIDMultiAxis_Ry</ActionID>
          <Min>-512.00</Min>
          <Max>511.00</Max>
          <Scale>1.00</Scale>
          <Reversed>False</Reversed>
        </Output>
      </Axis>
      <Axis>
        <Enabled>False</Enabled>
        <Input>
          <ActionID>HIDMultiAxis_Rz</ActionID>
          <Min>-512</Min>
          <Max>511</Max>
          <Deadband>0</Deadband>
        </Input>
        <Output>
          <ActionID>HIDMultiAxis_Rz</ActionID>
          <Min>-512.00</Min>
          <Max>511.00</Max>
          <Scale>1.00</Scale>
          <Reversed>False</Reversed>
        </Output>
      </Axis>
      <ButtonBank>
        <Name>Unknown</Name>
        <Button ReadOnly="True">
          <Input>
            <ActionID>HIDButton_1</ActionID>
          </Input>
          <Output>
            <ActionID>Driver_ShowDriverPopupMenu</ActionID>
          </Output>
        </Button>
        <Button>
          <Input>
            <ActionID>HIDButton_2</ActionID>
          </Input>
          <Output>
            <ActionID>KB_Home</ActionID>
          </Output>
        </Button>
        <Button>
          <Input>
            <ActionID>HIDButton_3</ActionID>
          </Input>
          <Output>
            <ActionID>KB_UpArrow</ActionID>
          </Output>
        </Button>
        <Button>
          <Input>
            <ActionID>HIDButton_10</ActionID>
          </Input>
          <Output>
            <ActionID>HIDMouse_Left</ActionID>
          </Output>
        </Button>
        <Button>
          <Input>
            <ActionID>HIDButton_5</ActionID>
          </Input>
          <Output>
            <ActionID>KB_RightArrow</ActionID>
          </Output>
        </Button>
        <Button>
          <Input>
            <ActionID>HIDButton_6</ActionID>
          </Input>
          <Output>
            <ActionID>KB_DownArrow</ActionID>
          </Output>
        </Button>
        <Button>
          <Input>
            <ActionID>HIDButton_7</ActionID>
          </Input>
          <Output>
            <ActionID>KB_PageUp</ActionID>
          </Output>
        </Button>
        <Button>
          <Input>
            <ActionID>HIDButton_8</ActionID>
          </Input>
          <Output>
            <ActionID>KB_PageDown</ActionID>
          </Output>
        </Button>
        <Button>
          <Input>
            <ActionID>HIDButton_9</ActionID>
          </Input>
          <Output>
            <ActionID>KB_LeftArrow</ActionID>
          </Output>
        </Button>
        <Button>
          <Input>
            <ActionID>HIDButton_11</ActionID>
          </Input>
          <Output>
            <ActionID>HIDMouse_Middle</ActionID>
          </Output>
        </Button>
        <Button>
          <Input>
            <ActionID>HIDButton_12</ActionID>
          </Input>
          <Output>
            <ActionID>HIDMouse_Middle</ActionID>
          </Output>
        </Button>
        <Button>
          <Input>
            <ActionID>HIDButton_13</ActionID>
          </Input>
          <Output>
            <ActionID>Macro_Copy</ActionID>
          </Output>
        </Button>
        <Button>
          <Input>
            <ActionID>HIDButton_14</ActionID>
          </Input>
          <Output>
            <ActionID>Macro_Paste</ActionID>
          </Output>
        </Button>
        <Button>
          <Input>
            <ActionID>HIDButton_15</ActionID>
          </Input>
          <Output>
            <ActionID>KB_F3</ActionID>
          </Output>
        </Button>
        <Button>
          <Input>
            <ActionID>HIDButton_16</ActionID>
          </Input>
          <Output>
            <ActionID>KB_F4</ActionID>
          </Output>
        </Button>
        <Button>
          <Input>
            <ActionID>HIDButton_17</ActionID>
          </Input>
          <Output>
            <ActionID>KB_F5</ActionID>
          </Output>
        </Button>
        <Button>
          <Input>
            <ActionID>HIDButton_18</ActionID>
          </Input>
          <Output>
            <ActionID>KB_F6</ActionID>
          </Output>
        </Button>
        <Button>
          <Input>
            <ActionID>HIDButton_19</ActionID>
          </Input>
          <Output>
            <ActionID>KB_F7</ActionID>
          </Output>
        </Button>
        <Button>
          <Input>
            <ActionID>HIDButton_20</ActionID>
          </Input>
          <Output>
            <ActionID>KB_F8</ActionID>
          </Output>
        </Button>
        <Button>
          <Input>
            <ActionID>HIDButton_21</ActionID>
          </Input>
          <Output>
            <ActionID>KB_F9</ActionID>
          </Output>
        </Button>
        <Button>
          <Input>
            <ActionID>HIDButton_22</ActionID>
          </Input>
          <Output>
            <ActionID>KB_F10</ActionID>
          </Output>
        </Button>
      </ButtonBank>
    </Device>
  </Devices>
</AppCfg>